{"totValMil":"312.79","time":"Jun 15, 2018 15:59:59","dec":143,"totVal":"31,278.97","data":[{"symbol":"APOLLOHOSP","open":"969.90","high":"1,041.60","low":"969.90","ltP":"1,038.00","ptsC":"68.10","per":"7.02","trdVol":"14.41","trdVolM":"1.44","ntP":"146.22","mVal":"1.46","wkhi":"1,341.55","wklo":"915.20","wkhicm_adj":"1,246.50","wklocm_adj":"815.35","xDt":"31-DEC-2999","cAct":"-","yPC":"-21.72","mPC":"-0.36"},{"symbol":"STAR","open":"370.95","high":"397.60","low":"367.25","ltP":"391.35","ptsC":"23.15","per":"6.29","trdVol":"149.85","trdVolM":"14.99","ntP":"580.14","mVal":"5.80","wkhi":"1,102.20","wklo":"333.30","wkhicm_adj":"1,045.00","wklocm_adj":"310.15","xDt":"06-APR-2018","cAct":"SCHEME OF ARRANGEMENT","yPC":"-57.96","mPC":"-22.58"},{"symbol":"AJANTPHARM","open":"1,057.00","high":"1,126.70","low":"1,054.05","ltP":"1,108.00","ptsC":"52.35","per":"4.96","trdVol":"14.64","trdVolM":"1.46","ntP":"160.20","mVal":"1.60","wkhi":"1,601.00","wklo":"895.85","wkhicm_adj":"2,526.95","wklocm_adj":"776.65","xDt":"31-DEC-2999","cAct":"-","yPC":"-30.13","mPC":"5.46"},{"symbol":"BALRAMCHIN","open":"70.95","high":"74.90","low":"70.50","ltP":"74.45","ptsC":"3.45","per":"4.86","trdVol":"90.04","trdVolM":"9.00","ntP":"65.58","mVal":"0.66","wkhi":"182.50","wklo":"58.70","wkhicm_adj":"87.95","wklocm_adj":"36.25","xDt":"31-DEC-2999","cAct":"-","yPC":"-48.19","mPC":"20.18"},{"symbol":"INFY","open":"1,237.00","high":"1,291.50","low":"1,235.00","ltP":"1,288.80","ptsC":"49.10","per":"3.96","trdVol":"99.79","trdVolM":"9.98","ntP":"1,264.42","mVal":"12.64","wkhi":"1,291.50","wklo":"860.00","wkhicm_adj":"4,402.20","wklocm_adj":"2,880.00","xDt":"14-JUN-2018","cAct":"ANNUAL GENERAL MEETING\/ FINAL DIVIDEND RS 20.50 PER SHAR\/ SPECIAL DIVIDEND - RS 10 PER SHARE","yPC":"34.45","mPC":"7.89"},{"symbol":"DRREDDY","open":"2,303.00","high":"2,385.80","low":"2,296.25","ltP":"2,357.90","ptsC":"88.50","per":"3.90","trdVol":"44.57","trdVolM":"4.46","ntP":"1,048.40","mVal":"10.48","wkhi":"2,787.00","wklo":"1,887.00","wkhicm_adj":"3,666.25","wklocm_adj":"2,246.50","xDt":"31-DEC-2999","cAct":"-","yPC":"-11.67","mPC":"17.40"},{"symbol":"CIPLA","open":"590.00","high":"614.55","low":"589.80","ltP":"610.05","ptsC":"22.00","per":"3.74","trdVol":"71.26","trdVolM":"7.13","ntP":"431.90","mVal":"4.32","wkhi":"663.40","wklo":"507.20","wkhicm_adj":"673.00","wklocm_adj":"366.50","xDt":"31-DEC-2999","cAct":"-","yPC":"12.99","mPC":"5.95"},{"symbol":"PEL","open":"2,416.00","high":"2,516.50","low":"2,405.60","ltP":"2,500.00","ptsC":"72.60","per":"2.99","trdVol":"7.70","trdVolM":"0.77","ntP":"191.44","mVal":"1.91","wkhi":"3,019.80","wklo":"2,275.00","wkhicm_adj":"868.00","wklocm_adj":"505.15","xDt":"31-DEC-2999","cAct":"-","yPC":"-16.47","mPC":"2.64"},{"symbol":"TCS","open":"1,800.00","high":"1,847.10","low":"1,788.60","ltP":"1,840.00","ptsC":"52.45","per":"2.93","trdVol":"91.84","trdVolM":"9.18","ntP":"1,674.55","mVal":"16.75","wkhi":"3,674.80","wklo":"1,711.15","wkhicm_adj":"2,839.70","wklocm_adj":"1,970.00","xDt":"31-MAY-2018","cAct":"BONUS 1:1 \/DIVIDEND- RS 29 PER SHARE","yPC":"-25.51","mPC":"-47.16"},{"symbol":"BERGEPAINT","open":"284.45","high":"293.90","low":"281.75","ltP":"291.00","ptsC":"7.35","per":"2.59","trdVol":"7.71","trdVolM":"0.77","ntP":"22.24","mVal":"0.22","wkhi":"305.70","wklo":"230.55","wkhicm_adj":"452.85","wklocm_adj":"201.40","xDt":"31-DEC-2999","cAct":"-","yPC":"16.63","mPC":"3.95"},{"symbol":"SUNPHARMA","open":"562.00","high":"573.85","low":"561.00","ltP":"572.00","ptsC":"12.75","per":"2.28","trdVol":"151.67","trdVolM":"15.17","ntP":"864.19","mVal":"8.64","wkhi":"608.95","wklo":"432.70","wkhicm_adj":"932.50","wklocm_adj":"552.55","xDt":"31-DEC-2999","cAct":"-","yPC":"6.01","mPC":"22.05"},{"symbol":"TORNTPHARM","open":"1,449.50","high":"1,518.40","low":"1,449.50","ltP":"1,482.00","ptsC":"32.50","per":"2.24","trdVol":"9.89","trdVolM":"0.99","ntP":"147.12","mVal":"1.47","wkhi":"1,518.40","wklo":"1,147.30","wkhicm_adj":"1,135.00","wklocm_adj":"458.00","xDt":"31-DEC-2999","cAct":"-","yPC":"20.10","mPC":"9.77"},{"symbol":"UPL","open":"689.80","high":"706.75","low":"686.00","ltP":"700.10","ptsC":"15.20","per":"2.22","trdVol":"27.44","trdVolM":"2.74","ntP":"192.21","mVal":"1.92","wkhi":"902.50","wklo":"672.50","wkhicm_adj":"388.70","wklocm_adj":"161.10","xDt":"31-DEC-2999","cAct":"-","yPC":"-17.33","mPC":"-4.53"},{"symbol":"OFSS","open":"3,975.10","high":"4,147.00","low":"3,971.35","ltP":"4,090.00","ptsC":"81.30","per":"2.03","trdVol":"0.26","trdVolM":"0.03","ntP":"10.58","mVal":"0.11","wkhi":"4,379.20","wklo":"3,372.25","wkhicm_adj":"4,180.00","wklocm_adj":"2,770.00","xDt":"31-DEC-2999","cAct":"-","yPC":"12.50","mPC":"2.90"},{"symbol":"JUBLFOOD","open":"2,739.00","high":"2,784.00","low":"2,720.00","ltP":"2,770.00","ptsC":"48.55","per":"1.78","trdVol":"14.22","trdVolM":"1.42","ntP":"390.86","mVal":"3.91","wkhi":"2,784.00","wklo":"901.50","wkhicm_adj":"1,497.40","wklocm_adj":"937.70","xDt":"31-DEC-2999","cAct":"-","yPC":"187.76","mPC":"15.40"},{"symbol":"GRANULES","open":"88.25","high":"90.00","low":"88.00","ltP":"89.25","ptsC":"1.50","per":"1.71","trdVol":"62.37","trdVolM":"6.24","ntP":"55.56","mVal":"0.56","wkhi":"150.00","wklo":"71.55","wkhicm_adj":"940.00","wklocm_adj":"163.15","xDt":"31-DEC-2999","cAct":"-","yPC":"-37.67","mPC":"-5.76"},{"symbol":"BRITANNIA","open":"6,015.00","high":"6,179.45","low":"5,995.30","ltP":"6,100.00","ptsC":"98.25","per":"1.64","trdVol":"1.79","trdVolM":"0.18","ntP":"109.32","mVal":"1.09","wkhi":"6,179.45","wklo":"3,523.00","wkhicm_adj":"1,729.80","wklocm_adj":"809.10","xDt":"31-DEC-2999","cAct":"-","yPC":"68.81","mPC":"11.83"},{"symbol":"BAJFINANCE","open":"2,250.00","high":"2,291.55","low":"2,231.10","ltP":"2,279.00","ptsC":"35.75","per":"1.59","trdVol":"16.38","trdVolM":"1.64","ntP":"372.25","mVal":"3.72","wkhi":"2,291.55","wklo":"1,313.90","wkhicm_adj":"3,385.00","wklocm_adj":"1,375.00","xDt":"31-DEC-2999","cAct":"-","yPC":"67.45","mPC":"19.82"},{"symbol":"TV18BRDCST","open":"56.85","high":"58.10","low":"56.05","ltP":"57.75","ptsC":"0.90","per":"1.58","trdVol":"34.86","trdVolM":"3.49","ntP":"19.88","mVal":"0.20","wkhi":"70.80","wklo":"34.35","wkhicm_adj":"38.40","wklocm_adj":"18.70","xDt":"31-DEC-2999","cAct":"-","yPC":"54.62","mPC":"3.49"},{"symbol":"HAVELLS","open":"549.45","high":"559.40","low":"536.90","ltP":"556.70","ptsC":"8.50","per":"1.55","trdVol":"10.85","trdVolM":"1.08","ntP":"59.70","mVal":"0.60","wkhi":"592.50","wklo":"440.85","wkhicm_adj":"326.50","wklocm_adj":"143.57","xDt":"31-DEC-2999","cAct":"-","yPC":"12.93","mPC":"2.30"},{"symbol":"TECHM","open":"702.50","high":"712.00","low":"695.20","ltP":"709.50","ptsC":"10.70","per":"1.53","trdVol":"32.74","trdVolM":"3.27","ntP":"230.71","mVal":"2.31","wkhi":"729.50","wklo":"373.10","wkhicm_adj":"2,734.00","wklocm_adj":"1,662.00","xDt":"31-DEC-2999","cAct":"-","yPC":"78.85","mPC":"5.79"},{"symbol":"HINDZINC","open":"301.50","high":"306.00","low":"299.00","ltP":"306.00","ptsC":"4.55","per":"1.51","trdVol":"25.41","trdVolM":"2.54","ntP":"77.12","mVal":"0.77","wkhi":"340.20","wklo":"239.55","wkhicm_adj":"184.00","wklocm_adj":"114.80","xDt":"23-MAR-2018","cAct":"INTERIM DIVIDEND RS 6\/- PER SHARE 9PURPOSE REVISED)","yPC":"25.82","mPC":"2.89"},{"symbol":"DIVISLAB","open":"1,087.00","high":"1,111.25","low":"1,063.90","ltP":"1,100.25","ptsC":"15.50","per":"1.43","trdVol":"19.41","trdVolM":"1.94","ntP":"212.51","mVal":"2.13","wkhi":"1,223.00","wklo":"611.00","wkhicm_adj":"1,888.05","wklocm_adj":"1,097.00","xDt":"31-DEC-2999","cAct":"-","yPC":"70.94","mPC":"-4.31"},{"symbol":"BIOCON","open":"622.00","high":"627.55","low":"613.85","ltP":"622.10","ptsC":"7.75","per":"1.26","trdVol":"30.96","trdVolM":"3.10","ntP":"192.59","mVal":"1.93","wkhi":"696.60","wklo":"316.25","wkhicm_adj":"553.60","wklocm_adj":"378.65","xDt":"31-DEC-2999","cAct":"-","yPC":"83.02","mPC":"-2.81"},{"symbol":"BATAINDIA","open":"776.00","high":"787.00","low":"772.00","ltP":"781.80","ptsC":"9.70","per":"1.26","trdVol":"7.78","trdVolM":"0.78","ntP":"60.70","mVal":"0.61","wkhi":"832.80","wklo":"510.70","wkhicm_adj":"1,413.40","wklocm_adj":"894.55","xDt":"31-DEC-2999","cAct":"-","yPC":"42.70","mPC":"2.36"},{"symbol":"HCLTECH","open":"936.95","high":"954.00","low":"931.05","ltP":"947.95","ptsC":"11.00","per":"1.17","trdVol":"30.93","trdVolM":"3.09","ntP":"292.57","mVal":"2.93","wkhi":"1,108.00","wklo":"824.85","wkhicm_adj":"1,776.25","wklocm_adj":"1,057.60","xDt":"09-MAY-2018","cAct":"INTERIM DIVIDEND - RS 2 PER SHARE (PURPOSE REVISED)","yPC":"11.05","mPC":"2.48"},{"symbol":"MINDTREE","open":"1,001.00","high":"1,008.95","low":"988.55","ltP":"1,003.60","ptsC":"10.85","per":"1.09","trdVol":"13.08","trdVolM":"1.31","ntP":"130.85","mVal":"1.31","wkhi":"1,101.20","wklo":"439.05","wkhicm_adj":"1,268.30","wklocm_adj":"648.75","xDt":"31-DEC-2999","cAct":"-","yPC":"91.78","mPC":"0.24"},{"symbol":"LUPIN","open":"910.00","high":"924.50","low":"901.25","ltP":"909.10","ptsC":"9.50","per":"1.06","trdVol":"81.80","trdVolM":"8.18","ntP":"748.91","mVal":"7.49","wkhi":"1,229.00","wklo":"723.65","wkhicm_adj":"1,497.50","wklocm_adj":"851.50","xDt":"31-DEC-2999","cAct":"-","yPC":"-23.02","mPC":"21.08"},{"symbol":"TATAELXSI","open":"1,290.55","high":"1,316.00","low":"1,290.15","ltP":"1,301.00","ptsC":"13.70","per":"1.06","trdVol":"13.56","trdVolM":"1.36","ntP":"176.85","mVal":"1.77","wkhi":"1,316.00","wklo":"767.50","wkhicm_adj":"699.80","wklocm_adj":"276.00","xDt":"31-DEC-2999","cAct":"-","yPC":"68.07","mPC":"13.69"},{"symbol":"DALMIABHA","open":"2,516.00","high":"2,559.85","low":"2,501.95","ltP":"2,550.00","ptsC":"26.60","per":"1.05","trdVol":"0.99","trdVolM":"0.10","ntP":"25.17","mVal":"0.25","wkhi":"3,350.00","wklo":"2,343.95","wkhicm_adj":"565.00","wklocm_adj":"124.10","xDt":"31-DEC-2999","cAct":"-","yPC":"3.30","mPC":"-6.87"},{"symbol":"GODREJIND","open":"609.65","high":"618.85","low":"605.30","ltP":"616.00","ptsC":"6.40","per":"1.05","trdVol":"4.25","trdVolM":"0.42","ntP":"26.02","mVal":"0.26","wkhi":"699.00","wklo":"512.55","wkhicm_adj":"372.80","wklocm_adj":"248.50","xDt":"31-DEC-2999","cAct":"-","yPC":"-4.50","mPC":"6.45"},{"symbol":"SRF","open":"1,895.50","high":"1,941.65","low":"1,878.35","ltP":"1,898.60","ptsC":"18.45","per":"0.98","trdVol":"4.65","trdVolM":"0.47","ntP":"89.08","mVal":"0.89","wkhi":"2,446.60","wklo":"1,415.25","wkhicm_adj":"958.80","wklocm_adj":"170.00","xDt":"31-DEC-2999","cAct":"-","yPC":"16.35","mPC":"-15.08"},{"symbol":"PAGEIND","open":"26,470.50","high":"26,750.00","low":"26,174.05","ltP":"26,725.00","ptsC":"256.80","per":"0.97","trdVol":"0.20","trdVolM":"0.02","ntP":"53.17","mVal":"0.53","wkhi":"26,750.00","wklo":"15,116.20","wkhicm_adj":"10,390.00","wklocm_adj":"5,010.00","xDt":"31-DEC-2999","cAct":"-","yPC":"61.43","mPC":"14.93"},{"symbol":"MUTHOOTFIN","open":"387.90","high":"390.60","low":"383.75","ltP":"388.90","ptsC":"3.70","per":"0.96","trdVol":"3.85","trdVolM":"0.38","ntP":"14.91","mVal":"0.15","wkhi":"525.50","wklo":"363.50","wkhicm_adj":"222.00","wklocm_adj":"102.15","xDt":"31-DEC-2999","cAct":"-","yPC":"-18.45","mPC":"-8.76"},{"symbol":"BHARATFIN","open":"1,182.30","high":"1,196.00","low":"1,179.10","ltP":"1,195.75","ptsC":"11.20","per":"0.95","trdVol":"7.86","trdVolM":"0.79","ntP":"93.27","mVal":"0.93","wkhi":"1,196.00","wklo":"663.30","wkhicm_adj":"373.70","wklocm_adj":"163.30","xDt":"31-DEC-2999","cAct":"-","yPC":"72.22","mPC":"2.58"},{"symbol":"HINDUNILVR","open":"1,590.00","high":"1,628.90","low":"1,590.00","ltP":"1,621.60","ptsC":"12.00","per":"0.75","trdVol":"21.02","trdVolM":"2.10","ntP":"339.41","mVal":"3.39","wkhi":"1,645.00","wklo":"1,064.00","wkhicm_adj":"814.85","wklocm_adj":"537.20","xDt":"31-DEC-2999","cAct":"-","yPC":"45.60","mPC":"7.00"},{"symbol":"AUROPHARMA","open":"613.90","high":"627.60","low":"609.80","ltP":"613.15","ptsC":"3.70","per":"0.61","trdVol":"59.63","trdVolM":"5.96","ntP":"368.33","mVal":"3.68","wkhi":"809.45","wklo":"527.00","wkhicm_adj":"1,152.40","wklocm_adj":"286.55","xDt":"31-DEC-2999","cAct":"-","yPC":"1.84","mPC":"1.62"},{"symbol":"CHOLAFIN","open":"1,606.50","high":"1,635.70","low":"1,588.05","ltP":"1,611.00","ptsC":"9.10","per":"0.57","trdVol":"3.81","trdVolM":"0.38","ntP":"61.52","mVal":"0.62","wkhi":"1,760.05","wklo":"1,050.20","wkhicm_adj":"518.00","wklocm_adj":"223.60","xDt":"31-DEC-2999","cAct":"-","yPC":"47.25","mPC":"2.14"},{"symbol":"INFIBEAM","open":"153.00","high":"154.70","low":"152.00","ltP":"152.80","ptsC":"0.80","per":"0.53","trdVol":"107.16","trdVolM":"10.72","ntP":"163.71","mVal":"1.64","wkhi":"195.90","wklo":"87.15","wkhicm_adj":".00","wklocm_adj":".00","xDt":"31-DEC-2999","cAct":"-","yPC":"50.95","mPC":"-8.20"},{"symbol":"NIITTECH","open":"1,130.90","high":"1,145.00","low":"1,123.70","ltP":"1,133.50","ptsC":"5.45","per":"0.48","trdVol":"8.36","trdVolM":"0.84","ntP":"94.82","mVal":"0.95","wkhi":"1,192.00","wklo":"462.60","wkhicm_adj":"487.00","wklocm_adj":"310.30","xDt":"31-DEC-2999","cAct":"-","yPC":"100.37","mPC":"7.30"},{"symbol":"BEL","open":"116.50","high":"119.10","low":"115.40","ltP":"116.70","ptsC":"0.55","per":"0.47","trdVol":"70.10","trdVolM":"7.01","ntP":"82.18","mVal":"0.82","wkhi":"193.40","wklo":"110.00","wkhicm_adj":"2,375.00","wklocm_adj":"893.00","xDt":"31-DEC-2999","cAct":"-","yPC":"-22.67","mPC":"-2.91"},{"symbol":"RELIANCE","open":"1,006.00","high":"1,023.50","low":"999.25","ltP":"1,012.45","ptsC":"4.50","per":"0.45","trdVol":"112.95","trdVolM":"11.29","ntP":"1,146.94","mVal":"11.47","wkhi":"1,023.50","wklo":"657.95","wkhicm_adj":"1,145.25","wklocm_adj":"793.10","xDt":"31-DEC-2999","cAct":"-","yPC":"49.16","mPC":"3.42"},{"symbol":"SREINFRA","open":"73.55","high":"74.55","low":"73.50","ltP":"74.50","ptsC":"0.30","per":"0.40","trdVol":"9.61","trdVolM":"0.96","ntP":"7.12","mVal":"0.07","wkhi":"138.00","wklo":"69.30","wkhicm_adj":"57.65","wklocm_adj":"19.25","xDt":"31-DEC-2999","cAct":"-","yPC":"-31.81","mPC":"-2.55"},{"symbol":"BHARTIARTL","open":"378.70","high":"380.25","low":"370.20","ltP":"377.95","ptsC":"1.45","per":"0.39","trdVol":"57.14","trdVolM":"5.71","ntP":"214.43","mVal":"2.14","wkhi":"564.80","wklo":"351.60","wkhicm_adj":"420.00","wklocm_adj":"281.90","xDt":"31-DEC-2999","cAct":"-","yPC":"3.41","mPC":"-1.05"},{"symbol":"RAMCOCEM","open":"729.10","high":"740.00","low":"723.60","ltP":"732.00","ptsC":"2.60","per":"0.36","trdVol":"1.96","trdVolM":"0.20","ntP":"14.29","mVal":"0.14","wkhi":"879.10","wklo":"647.60","wkhicm_adj":"380.00","wklocm_adj":"156.20","xDt":"31-DEC-2999","cAct":"-","yPC":"4.71","mPC":"-12.92"},{"symbol":"GLENMARK","open":"583.95","high":"603.40","low":"580.50","ltP":"586.25","ptsC":"2.05","per":"0.35","trdVol":"34.60","trdVolM":"3.46","ntP":"204.97","mVal":"2.05","wkhi":"746.00","wklo":"493.50","wkhicm_adj":"841.00","wklocm_adj":"493.00","xDt":"31-DEC-2999","cAct":"-","yPC":"-7.34","mPC":"15.77"},{"symbol":"TATACOMM","open":"610.50","high":"620.40","low":"609.00","ltP":"612.00","ptsC":"2.05","per":"0.34","trdVol":"2.58","trdVolM":"0.26","ntP":"15.86","mVal":"0.16","wkhi":"766.40","wklo":"570.45","wkhicm_adj":"462.40","wklocm_adj":"258.50","xDt":"31-DEC-2999","cAct":"-","yPC":"-18.17","mPC":"-0.99"},{"symbol":"KOTAKBANK","open":"1,332.60","high":"1,344.50","low":"1,322.35","ltP":"1,337.00","ptsC":"4.35","per":"0.33","trdVol":"16.58","trdVolM":"1.66","ntP":"221.56","mVal":"2.22","wkhi":"1,400.00","wklo":"936.00","wkhicm_adj":"1,264.70","wklocm_adj":"630.50","xDt":"31-DEC-2999","cAct":"-","yPC":"38.11","mPC":"4.14"},{"symbol":"KPIT","open":"280.65","high":"284.10","low":"278.45","ltP":"281.20","ptsC":"0.80","per":"0.29","trdVol":"12.37","trdVolM":"1.24","ntP":"34.84","mVal":"0.35","wkhi":"290.40","wklo":"104.05","wkhicm_adj":"191.00","wklocm_adj":"140.10","xDt":"31-DEC-2999","cAct":"-","yPC":"126.68","mPC":"9.08"},{"symbol":"INDUSINDBK","open":"1,963.00","high":"1,978.40","low":"1,947.15","ltP":"1,969.00","ptsC":"5.60","per":"0.29","trdVol":"22.74","trdVolM":"2.27","ntP":"447.43","mVal":"4.47","wkhi":"1,995.00","wklo":"1,462.30","wkhicm_adj":"776.00","wklocm_adj":"369.50","xDt":"31-DEC-2999","cAct":"-","yPC":"31.26","mPC":"2.72"},{"symbol":"EICHERMOT","open":"29,552.00","high":"29,648.00","low":"29,290.50","ltP":"29,601.00","ptsC":"64.30","per":"0.22","trdVol":"0.54","trdVolM":"0.05","ntP":"159.40","mVal":"1.59","wkhi":"33,480.00","wklo":"26,208.05","wkhicm_adj":"15,149.90","wklocm_adj":"4,401.10","xDt":"31-DEC-2999","cAct":"-","yPC":"1.90","mPC":"-3.81"},{"symbol":"INDIGO","open":"1,208.85","high":"1,230.00","low":"1,201.80","ltP":"1,226.70","ptsC":"2.55","per":"0.21","trdVol":"6.34","trdVolM":"0.63","ntP":"77.15","mVal":"0.77","wkhi":"1,520.00","wklo":"1,022.00","wkhicm_adj":".00","wklocm_adj":".00","xDt":"31-DEC-2999","cAct":"-","yPC":"6.23","mPC":"2.45"},{"symbol":"WOCKPHARMA","open":"732.20","high":"749.00","low":"728.25","ltP":"730.60","ptsC":"1.45","per":"0.20","trdVol":"28.27","trdVolM":"2.83","ntP":"208.75","mVal":"2.09","wkhi":"1,012.00","wklo":"530.65","wkhicm_adj":"887.00","wklocm_adj":"336.55","xDt":"31-DEC-2999","cAct":"-","yPC":"16.83","mPC":"3.13"},{"symbol":"PIDILITIND","open":"1,089.10","high":"1,098.50","low":"1,073.00","ltP":"1,085.00","ptsC":"2.00","per":"0.18","trdVol":"4.66","trdVolM":"0.47","ntP":"50.48","mVal":"0.50","wkhi":"1,195.40","wklo":"751.30","wkhicm_adj":"505.90","wklocm_adj":"269.60","xDt":"31-DEC-2999","cAct":"-","yPC":"33.79","mPC":"-0.56"},{"symbol":"WIPRO","open":"268.75","high":"268.75","low":"265.00","ltP":"266.85","ptsC":"0.45","per":"0.17","trdVol":"48.35","trdVolM":"4.84","ntP":"128.99","mVal":"1.29","wkhi":"334.00","wklo":"252.00","wkhicm_adj":"621.90","wklocm_adj":"466.65","xDt":"31-DEC-2999","cAct":"-","yPC":"4.20","mPC":"-1.53"},{"symbol":"ZEEL","open":"556.00","high":"559.30","low":"551.20","ltP":"554.80","ptsC":"0.60","per":"0.11","trdVol":"13.56","trdVolM":"1.36","ntP":"75.25","mVal":"0.75","wkhi":"619.00","wklo":"458.10","wkhicm_adj":"402.40","wklocm_adj":"251.80","xDt":"31-DEC-2999","cAct":"-","yPC":"8.12","mPC":"-3.12"},{"symbol":"KSCL","open":"563.90","high":"569.70","low":"553.25","ltP":"562.50","ptsC":"0.60","per":"0.11","trdVol":"5.47","trdVolM":"0.55","ntP":"30.75","mVal":"0.31","wkhi":"708.00","wklo":"431.20","wkhicm_adj":"1,025.00","wklocm_adj":"297.04","xDt":"31-DEC-2999","cAct":"-","yPC":"-15.91","mPC":"10.67"},{"symbol":"RBLBANK","open":"558.70","high":"564.95","low":"557.80","ltP":"559.25","ptsC":"0.45","per":"0.08","trdVol":"12.33","trdVolM":"1.23","ntP":"69.20","mVal":"0.69","wkhi":"570.00","wklo":"443.30","wkhicm_adj":".00","wklocm_adj":".00","xDt":"31-DEC-2999","cAct":"-","yPC":"7.94","mPC":"9.09"},{"symbol":"MARUTI","open":"8,995.00","high":"8,995.00","low":"8,901.00","ltP":"8,965.00","ptsC":"7.00","per":"0.08","trdVol":"4.97","trdVolM":"0.50","ntP":"443.94","mVal":"4.44","wkhi":"9,996.40","wklo":"6,700.00","wkhicm_adj":"3,432.00","wklocm_adj":"1,540.40","xDt":"31-DEC-2999","cAct":"-","yPC":"21.96","mPC":"2.73"},{"symbol":"CADILAHC","open":"394.00","high":"406.55","low":"393.75","ltP":"399.00","ptsC":"0.30","per":"0.08","trdVol":"30.87","trdVolM":"3.09","ntP":"123.74","mVal":"1.24","wkhi":"560.00","wklo":"341.20","wkhicm_adj":"1,760.15","wklocm_adj":"723.20","xDt":"31-DEC-2999","cAct":"-","yPC":"-24.55","mPC":"3.81"},{"symbol":"MRF","open":"75,250.00","high":"75,899.00","low":"75,200.00","ltP":"75,400.00","ptsC":"50.40","per":"0.07","trdVol":"0.04","trdVolM":"0.00","ntP":"29.99","mVal":"0.30","wkhi":"81,425.95","wklo":"61,000.00","wkhicm_adj":"33,980.00","wklocm_adj":"17,070.00","xDt":"31-DEC-2999","cAct":"-","yPC":"6.04","mPC":"1.07"},{"symbol":"TATACHEM","open":"738.00","high":"744.00","low":"729.65","ltP":"739.30","ptsC":"0.20","per":"0.03","trdVol":"6.80","trdVolM":"0.68","ntP":"50.15","mVal":"0.50","wkhi":"787.50","wklo":"560.40","wkhicm_adj":"442.75","wklocm_adj":"244.20","xDt":"31-DEC-2999","cAct":"-","yPC":"20.25","mPC":"-0.69"},{"symbol":"HDFC","open":"1,842.00","high":"1,865.45","low":"1,827.10","ltP":"1,834.00","ptsC":"0.25","per":"0.01","trdVol":"37.01","trdVolM":"3.70","ntP":"678.75","mVal":"6.79","wkhi":"1,986.05","wklo":"1,600.70","wkhicm_adj":"1,177.80","wklocm_adj":"755.00","xDt":"31-DEC-2999","cAct":"-","yPC":"11.08","mPC":"-4.95"},{"symbol":"BOSCHLTD","open":"18,200.50","high":"18,374.50","low":"17,883.00","ltP":"18,232.70","ptsC":"-3.45","per":"-0.02","trdVol":"0.25","trdVolM":"0.02","ntP":"45.33","mVal":"0.45","wkhi":"25,240.00","wklo":"16,975.00","wkhicm_adj":"19,570.00","wklocm_adj":"8,450.00","xDt":"07-JUN-2018","cAct":"ANNUAL GENERAL MEETING\/DIVIDEND- RS 100 PER SHARE","yPC":"-25.23","mPC":"-0.63"},{"symbol":"TITAN","open":"910.80","high":"916.90","low":"898.50","ltP":"905.00","ptsC":"-0.25","per":"-0.03","trdVol":"23.64","trdVolM":"2.36","ntP":"214.01","mVal":"2.14","wkhi":"999.70","wklo":"500.60","wkhicm_adj":"425.00","wklocm_adj":"202.45","xDt":"31-DEC-2999","cAct":"-","yPC":"73.40","mPC":"-2.79"},{"symbol":"IBULHSGFIN","open":"1,186.00","high":"1,202.75","low":"1,174.10","ltP":"1,185.70","ptsC":"-0.50","per":"-0.04","trdVol":"37.14","trdVolM":"3.71","ntP":"443.94","mVal":"4.44","wkhi":"1,440.00","wklo":"1,040.10","wkhicm_adj":"484.95","wklocm_adj":"187.05","xDt":"02-MAY-2018","cAct":"INTERIM DIVIDEND RS 10\/- PER SHARE","yPC":"2.14","mPC":"-1.18"},{"symbol":"ASIANPAINT","open":"1,284.90","high":"1,286.65","low":"1,268.10","ltP":"1,285.50","ptsC":"-0.60","per":"-0.05","trdVol":"10.49","trdVolM":"1.05","ntP":"134.12","mVal":"1.34","wkhi":"1,332.00","wklo":"1,083.30","wkhicm_adj":"802.20","wklocm_adj":"460.20","xDt":"14-JUN-2018","cAct":"DIVIDEND- RS 6.05 PER SHARE","yPC":"11.82","mPC":"-2.22"},{"symbol":"RELCAPITAL","open":"422.25","high":"426.80","low":"411.40","ltP":"422.00","ptsC":"-0.25","per":"-0.06","trdVol":"32.53","trdVolM":"3.25","ntP":"136.38","mVal":"1.36","wkhi":"879.90","wklo":"363.90","wkhicm_adj":"669.90","wklocm_adj":"304.50","xDt":"31-DEC-2999","cAct":"-","yPC":"-29.35","mPC":"12.13"},{"symbol":"NESTLEIND","open":"9,760.00","high":"9,774.90","low":"9,675.00","ltP":"9,750.00","ptsC":"-6.75","per":"-0.07","trdVol":"0.77","trdVolM":"0.08","ntP":"74.59","mVal":"0.75","wkhi":"10,060.45","wklo":"6,530.00","wkhicm_adj":"6,620.00","wklocm_adj":"4,525.00","xDt":"16-MAY-2018","cAct":"ANNUAL GENERAL MEETING\/ FINAL DIVIDEND - RS 23 PER SHARE\/ INTERIM DIVIDEND - RS 20 PER SHARE (PURPOSE REVISED)","yPC":"45.86","mPC":"1.93"},{"symbol":"LICHSGFIN","open":"494.90","high":"498.50","low":"487.55","ltP":"494.60","ptsC":"-0.60","per":"-0.12","trdVol":"13.60","trdVolM":"1.36","ntP":"67.28","mVal":"0.67","wkhi":"794.00","wklo":"463.05","wkhicm_adj":"429.50","wklocm_adj":"187.05","xDt":"31-DEC-2999","cAct":"-","yPC":"-36.04","mPC":"-1.34"},{"symbol":"GRASIM","open":"1,024.00","high":"1,034.90","low":"1,018.50","ltP":"1,034.85","ptsC":"-1.35","per":"-0.13","trdVol":"6.42","trdVolM":"0.64","ntP":"66.03","mVal":"0.66","wkhi":"1,375.00","wklo":"995.50","wkhicm_adj":"3,789.00","wklocm_adj":"2,426.35","xDt":"31-DEC-2999","cAct":"-","yPC":"-7.33","mPC":"-5.01"},{"symbol":"DHFL","open":"627.80","high":"634.00","low":"613.15","ltP":"624.75","ptsC":"-0.80","per":"-0.13","trdVol":"60.39","trdVolM":"6.04","ntP":"378.11","mVal":"3.78","wkhi":"680.55","wklo":"391.20","wkhicm_adj":"427.90","wklocm_adj":"161.35","xDt":"31-DEC-2999","cAct":"-","yPC":"39.95","mPC":"0.51"},{"symbol":"AXISBANK","open":"527.80","high":"534.65","low":"516.10","ltP":"531.20","ptsC":"-0.80","per":"-0.15","trdVol":"78.55","trdVolM":"7.85","ntP":"413.05","mVal":"4.13","wkhi":"627.60","wklo":"447.50","wkhicm_adj":"493.20","wklocm_adj":"216.52","xDt":"31-MAY-2018","cAct":"ANNUAL GENERAL MEETING","yPC":"4.26","mPC":"-3.37"},{"symbol":"CASTROLIND","open":"171.40","high":"173.90","low":"169.60","ltP":"170.65","ptsC":"-0.40","per":"-0.23","trdVol":"17.09","trdVolM":"1.71","ntP":"29.23","mVal":"0.29","wkhi":"214.48","wklo":"161.60","wkhicm_adj":"523.50","wklocm_adj":"283.10","xDt":"25-APR-2018","cAct":"ANNUAL GENERAL MEETING\/DIVIDEND - RS 2.50 PER SHARE","yPC":"-57.07","mPC":"-4.08"},{"symbol":"OIL","open":"222.80","high":"223.70","low":"219.95","ltP":"221.90","ptsC":"-0.55","per":"-0.25","trdVol":"5.26","trdVolM":"0.53","ntP":"11.68","mVal":"0.12","wkhi":"259.30","wklo":"171.40","wkhicm_adj":"669.95","wklocm_adj":"438.00","xDt":"27-MAR-2018","cAct":"BONUS 1:2","yPC":"-24.58","mPC":"-6.13"},{"symbol":"EXIDEIND","open":"251.75","high":"252.80","low":"247.95","ltP":"250.95","ptsC":"-0.75","per":"-0.30","trdVol":"13.97","trdVolM":"1.40","ntP":"35.01","mVal":"0.35","wkhi":"270.50","wklo":"192.40","wkhicm_adj":"183.40","wklocm_adj":"99.00","xDt":"31-DEC-2999","cAct":"-","yPC":"11.02","mPC":"-2.34"},{"symbol":"BHARATFORG","open":"646.00","high":"651.00","low":"633.40","ltP":"644.00","ptsC":"-2.20","per":"-0.34","trdVol":"8.85","trdVolM":"0.89","ntP":"56.95","mVal":"0.57","wkhi":"798.00","wklo":"526.45","wkhicm_adj":"979.00","wklocm_adj":"291.10","xDt":"31-DEC-2999","cAct":"-","yPC":"9.74","mPC":"-11.54"},{"symbol":"M&MFIN","open":"474.40","high":"478.50","low":"470.15","ltP":"474.70","ptsC":"-2.05","per":"-0.43","trdVol":"14.98","trdVolM":"1.50","ntP":"71.12","mVal":"0.71","wkhi":"534.00","wklo":"321.65","wkhicm_adj":"356.50","wklocm_adj":"229.25","xDt":"31-DEC-2999","cAct":"-","yPC":"35.51","mPC":"-1.87"},{"symbol":"CUMMINSIND","open":"694.80","high":"698.35","low":"681.75","ltP":"685.85","ptsC":"-3.05","per":"-0.44","trdVol":"2.88","trdVolM":"0.29","ntP":"19.84","mVal":"0.20","wkhi":"1,044.10","wklo":"663.00","wkhicm_adj":"955.60","wklocm_adj":"417.70","xDt":"31-DEC-2999","cAct":"-","yPC":"-25.43","mPC":"-7.23"},{"symbol":"HEROMOTOCO","open":"3,696.00","high":"3,710.35","low":"3,652.00","ltP":"3,678.00","ptsC":"-17.60","per":"-0.48","trdVol":"3.07","trdVolM":"0.31","ntP":"113.05","mVal":"1.13","wkhi":"4,091.95","wklo":"3,361.05","wkhicm_adj":"3,269.95","wklocm_adj":"1,907.10","xDt":"31-DEC-2999","cAct":"-","yPC":"-2.93","mPC":"0.78"},{"symbol":"AMBUJACEM","open":"204.50","high":"207.65","low":"202.00","ltP":"205.00","ptsC":"-1.05","per":"-0.51","trdVol":"68.33","trdVolM":"6.83","ntP":"140.76","mVal":"1.41","wkhi":"291.50","wklo":"199.10","wkhicm_adj":"243.80","wklocm_adj":"150.10","xDt":"05-APR-2018","cAct":"DIVIDEND - RS 2 PER SHARE","yPC":"-12.41","mPC":"-4.25"},{"symbol":"HDFCBANK","open":"2,026.00","high":"2,038.90","low":"2,022.30","ltP":"2,027.00","ptsC":"-10.40","per":"-0.51","trdVol":"27.20","trdVolM":"2.72","ntP":"552.63","mVal":"5.53","wkhi":"2,160.00","wklo":"1,643.00","wkhicm_adj":"965.90","wklocm_adj":"616.80","xDt":"31-MAY-2018","cAct":"DIVIDEND- RS 13 PER SHARE","yPC":"21.29","mPC":"-0.53"},{"symbol":"GSFC","open":"114.65","high":"116.60","low":"112.55","ltP":"114.15","ptsC":"-0.60","per":"-0.52","trdVol":"9.65","trdVolM":"0.96","ntP":"11.05","mVal":"0.11","wkhi":"166.40","wklo":"104.10","wkhicm_adj":"124.55","wklocm_adj":"43.55","xDt":"31-DEC-2999","cAct":"-","yPC":"-8.93","mPC":"-13.36"},{"symbol":"RELINFRA","open":"436.00","high":"439.90","low":"423.25","ltP":"433.25","ptsC":"-2.30","per":"-0.53","trdVol":"18.08","trdVolM":"1.81","ntP":"78.05","mVal":"0.78","wkhi":"589.90","wklo":"375.10","wkhicm_adj":"819.90","wklocm_adj":"350.30","xDt":"31-DEC-2999","cAct":"-","yPC":"-8.59","mPC":"11.98"},{"symbol":"TVSMOTOR","open":"584.00","high":"591.50","low":"576.75","ltP":"581.05","ptsC":"-3.15","per":"-0.54","trdVol":"6.19","trdVolM":"0.62","ntP":"36.14","mVal":"0.36","wkhi":"794.45","wklo":"524.50","wkhicm_adj":"266.70","wklocm_adj":"52.50","xDt":"31-DEC-2999","cAct":"-","yPC":"6.24","mPC":"-6.31"},{"symbol":"DABUR","open":"387.85","high":"387.85","low":"381.00","ltP":"384.80","ptsC":"-2.10","per":"-0.54","trdVol":"13.71","trdVolM":"1.37","ntP":"52.59","mVal":"0.53","wkhi":"392.30","wklo":"282.50","wkhicm_adj":"249.15","wklocm_adj":"159.50","xDt":"31-DEC-2999","cAct":"-","yPC":"32.78","mPC":"3.82"},{"symbol":"SUNTV","open":"911.00","high":"922.00","low":"905.15","ltP":"907.05","ptsC":"-5.20","per":"-0.57","trdVol":"9.60","trdVolM":"0.96","ntP":"87.63","mVal":"0.88","wkhi":"1,097.80","wklo":"652.45","wkhicm_adj":"477.00","wklocm_adj":"300.00","xDt":"22-MAR-2018","cAct":"INTERIM DIVIDEND - RS2.50 PER SHARE (PURPOSE REVISED)","yPC":"9.69","mPC":"-6.21"},{"symbol":"JETAIRWAYS","open":"390.00","high":"395.70","low":"385.05","ltP":"386.35","ptsC":"-2.25","per":"-0.58","trdVol":"26.96","trdVolM":"2.70","ntP":"105.18","mVal":"1.05","wkhi":"883.45","wklo":"370.05","wkhicm_adj":"354.40","wklocm_adj":"203.00","xDt":"31-DEC-2999","cAct":"-","yPC":"-27.49","mPC":"-11.83"},{"symbol":"MGL","open":"833.40","high":"839.90","low":"829.80","ltP":"829.80","ptsC":"-4.95","per":"-0.59","trdVol":"2.49","trdVolM":"0.25","ntP":"20.78","mVal":"0.21","wkhi":"1,377.50","wklo":"772.15","wkhicm_adj":".00","wklocm_adj":".00","xDt":"31-DEC-2999","cAct":"-","yPC":"-14.33","mPC":"-4.91"},{"symbol":"NBCC","open":"85.20","high":"86.35","low":"84.65","ltP":"84.80","ptsC":"-0.50","per":"-0.59","trdVol":"32.48","trdVolM":"3.25","ntP":"27.69","mVal":"0.28","wkhi":"291.30","wklo":"83.55","wkhicm_adj":"908.35","wklocm_adj":"131.35","xDt":"25-APR-2018","cAct":"FACE VALUE SPLIT (SUB-DIVISION) - FROM RS 2\/- PER SHARE TO RE 1\/- PER SHARE","yPC":"-57.33","mPC":"-13.56"},{"symbol":"ARVIND","open":"417.80","high":"421.65","low":"411.75","ltP":"413.80","ptsC":"-2.55","per":"-0.61","trdVol":"17.98","trdVolM":"1.80","ntP":"74.89","mVal":"0.75","wkhi":"478.50","wklo":"353.25","wkhicm_adj":"341.50","wklocm_adj":"119.00","xDt":"31-DEC-2999","cAct":"-","yPC":"10.07","mPC":"-0.77"},{"symbol":"POWERGRID","open":"198.85","high":"199.00","low":"196.25","ltP":"197.55","ptsC":"-1.30","per":"-0.65","trdVol":"53.59","trdVolM":"5.36","ntP":"105.94","mVal":"1.06","wkhi":"226.60","wklo":"189.00","wkhicm_adj":"150.90","wklocm_adj":"91.65","xDt":"31-DEC-2999","cAct":"-","yPC":"-6.15","mPC":"-7.62"},{"symbol":"AMARAJABAT","open":"768.80","high":"777.35","low":"764.55","ltP":"765.35","ptsC":"-5.20","per":"-0.67","trdVol":"2.45","trdVolM":"0.24","ntP":"18.87","mVal":"0.19","wkhi":"902.85","wklo":"664.55","wkhicm_adj":"794.00","wklocm_adj":"315.05","xDt":"31-DEC-2999","cAct":"-","yPC":"-9.33","mPC":"-10.96"},{"symbol":"BAJAJ-AUTO","open":"2,893.45","high":"2,904.00","low":"2,853.00","ltP":"2,871.00","ptsC":"-19.70","per":"-0.68","trdVol":"3.70","trdVolM":"0.37","ntP":"106.54","mVal":"1.07","wkhi":"3,468.35","wklo":"2,694.50","wkhicm_adj":"2,695.00","wklocm_adj":"1,793.20","xDt":"31-DEC-2999","cAct":"-","yPC":"1.62","mPC":"1.68"},{"symbol":"SAIL","open":"86.30","high":"87.65","low":"84.05","ltP":"85.75","ptsC":"-0.60","per":"-0.69","trdVol":"184.65","trdVolM":"18.47","ntP":"158.26","mVal":"1.58","wkhi":"101.45","wklo":"52.85","wkhicm_adj":"112.95","wklocm_adj":"54.05","xDt":"31-DEC-2999","cAct":"-","yPC":"53.40","mPC":"15.80"},{"symbol":"SHREECEM","open":"16,319.00","high":"16,370.95","low":"16,089.05","ltP":"16,203.15","ptsC":"-116.20","per":"-0.71","trdVol":"0.22","trdVolM":"0.02","ntP":"36.30","mVal":"0.36","wkhi":"19,848.90","wklo":"15,652.15","wkhicm_adj":"9,297.70","wklocm_adj":"4,100.10","xDt":"31-DEC-2999","cAct":"-","yPC":"-9.41","mPC":"-1.47"},{"symbol":"ACC","open":"1,309.65","high":"1,314.90","low":"1,295.00","ltP":"1,297.75","ptsC":"-9.45","per":"-0.72","trdVol":"4.72","trdVolM":"0.47","ntP":"61.55","mVal":"0.62","wkhi":"1,869.95","wklo":"1,265.00","wkhicm_adj":"1,564.65","wklocm_adj":"970.15","xDt":"17-MAY-2018","cAct":"ANNUAL GENERAL MEETING \/ DIVIDEND RS 15 PER SHARE","yPC":"-18.78","mPC":"-8.07"},{"symbol":"PVR","open":"1,435.00","high":"1,463.00","low":"1,401.00","ltP":"1,410.90","ptsC":"-10.20","per":"-0.72","trdVol":"10.05","trdVolM":"1.00","ntP":"143.55","mVal":"1.44","wkhi":"1,601.00","wklo":"1,142.05","wkhicm_adj":"749.00","wklocm_adj":"465.00","xDt":"31-DEC-2999","cAct":"-","yPC":"-7.33","mPC":"-0.35"},{"symbol":"REPCOHOME","open":"568.00","high":"570.75","low":"560.00","ltP":"563.00","ptsC":"-4.20","per":"-0.74","trdVol":"1.53","trdVolM":"0.15","ntP":"8.65","mVal":"0.09","wkhi":"919.00","wklo":"510.00","wkhicm_adj":"583.30","wklocm_adj":"295.05","xDt":"31-DEC-2999","cAct":"-","yPC":"-35.91","mPC":"-4.35"},{"symbol":"ADANIPORTS","open":"369.80","high":"375.90","low":"369.80","ltP":"371.65","ptsC":"-2.80","per":"-0.75","trdVol":"72.79","trdVolM":"7.28","ntP":"271.48","mVal":"2.71","wkhi":"452.35","wklo":"350.45","wkhicm_adj":"308.75","wklocm_adj":"141.00","xDt":"31-DEC-2999","cAct":"-","yPC":"3.38","mPC":"-9.17"},{"symbol":"NHPC","open":"26.10","high":"26.10","low":"25.65","ltP":"25.80","ptsC":"-0.20","per":"-0.77","trdVol":"58.06","trdVolM":"5.81","ntP":"14.97","mVal":"0.15","wkhi":"34.50","wklo":"25.50","wkhicm_adj":"29.60","wklocm_adj":"17.35","xDt":"31-DEC-2999","cAct":"-","yPC":"-21.22","mPC":"-3.37"},{"symbol":"DCBBANK","open":"179.50","high":"181.05","low":"177.80","ltP":"178.85","ptsC":"-1.40","per":"-0.78","trdVol":"6.86","trdVolM":"0.69","ntP":"12.31","mVal":"0.12","wkhi":"213.00","wklo":"155.05","wkhicm_adj":"107.50","wklocm_adj":"48.15","xDt":"24-MAY-2018","cAct":"ANNUAL GENERAL MEETING \/ DIVIDEND- RE 0.75 PER SHARE","yPC":"-13.33","mPC":"-6.14"},{"symbol":"TATASTEEL","open":"571.20","high":"574.80","low":"562.00","ltP":"564.95","ptsC":"-4.60","per":"-0.81","trdVol":"62.09","trdVolM":"6.21","ntP":"352.81","mVal":"3.53","wkhi":"748.11","wklo":"470.99","wkhicm_adj":"579.90","wklocm_adj":"332.00","xDt":"31-DEC-2999","cAct":"-","yPC":"12.39","mPC":"-9.75"},{"symbol":"NCC","open":"108.45","high":"109.20","low":"105.75","ltP":"107.00","ptsC":"-0.90","per":"-0.83","trdVol":"49.50","trdVolM":"4.95","ntP":"53.15","mVal":"0.53","wkhi":"141.40","wklo":"76.20","wkhicm_adj":"71.15","wklocm_adj":"13.96","xDt":"31-DEC-2999","cAct":"-","yPC":"18.10","mPC":"-2.19"},{"symbol":"RPOWER","open":"34.90","high":"35.10","low":"33.60","ltP":"34.55","ptsC":"-0.30","per":"-0.86","trdVol":"73.31","trdVolM":"7.33","ntP":"25.17","mVal":"0.25","wkhi":"65.20","wklo":"32.40","wkhicm_adj":"113.30","wklocm_adj":"60.00","xDt":"31-DEC-2999","cAct":"-","yPC":"-13.95","mPC":"2.98"},{"symbol":"LT","open":"1,341.00","high":"1,343.00","low":"1,323.25","ltP":"1,330.90","ptsC":"-12.10","per":"-0.90","trdVol":"26.61","trdVolM":"2.66","ntP":"354.14","mVal":"3.54","wkhi":"1,470.00","wklo":"1,107.53","wkhicm_adj":"1,776.60","wklocm_adj":"951.50","xDt":"31-DEC-2999","cAct":"-","yPC":"13.14","mPC":"-3.15"},{"symbol":"SIEMENS","open":"1,013.90","high":"1,018.50","low":"996.00","ltP":"1,000.00","ptsC":"-9.40","per":"-0.93","trdVol":"2.67","trdVolM":"0.27","ntP":"26.67","mVal":"0.27","wkhi":"1,469.90","wklo":"952.20","wkhicm_adj":"1,010.00","wklocm_adj":"513.00","xDt":"31-DEC-2999","cAct":"-","yPC":"-25.31","mPC":"-5.25"},{"symbol":"CEATLTD","open":"1,343.00","high":"1,360.85","low":"1,331.00","ltP":"1,335.35","ptsC":"-12.70","per":"-0.94","trdVol":"6.17","trdVolM":"0.62","ntP":"82.97","mVal":"0.83","wkhi":"2,019.00","wklo":"1,284.50","wkhicm_adj":"1,010.00","wklocm_adj":"266.10","xDt":"31-DEC-2999","cAct":"-","yPC":"-28.15","mPC":"-5.11"},{"symbol":"CHENNPETRO","open":"300.15","high":"302.95","low":"296.25","ltP":"299.85","ptsC":"-2.85","per":"-0.94","trdVol":"4.64","trdVolM":"0.46","ntP":"13.87","mVal":"0.14","wkhi":"480.50","wklo":"262.45","wkhicm_adj":"114.00","wklocm_adj":"57.50","xDt":"31-DEC-2999","cAct":"-","yPC":"-21.76","mPC":"0.79"},{"symbol":"ICICIBANK","open":"287.20","high":"288.50","low":"280.00","ltP":"282.00","ptsC":"-2.75","per":"-0.97","trdVol":"471.86","trdVolM":"47.19","ntP":"1,337.64","mVal":"13.38","wkhi":"365.70","wklo":"255.00","wkhicm_adj":"1,779.00","wklocm_adj":"943.60","xDt":"31-DEC-2999","cAct":"-","yPC":"-2.77","mPC":"-8.52"},{"symbol":"ICICIPRULI","open":"399.95","high":"408.05","low":"399.00","ltP":"399.00","ptsC":"-4.00","per":"-0.99","trdVol":"46.42","trdVolM":"4.64","ntP":"187.22","mVal":"1.87","wkhi":"509.40","wklo":"363.20","wkhicm_adj":".00","wklocm_adj":".00","xDt":"31-DEC-2999","cAct":"-","yPC":"-8.71","mPC":"-10.46"},{"symbol":"INDIACEM","open":"115.20","high":"116.80","low":"113.70","ltP":"115.05","ptsC":"-1.15","per":"-0.99","trdVol":"41.65","trdVolM":"4.16","ntP":"47.95","mVal":"0.48","wkhi":"224.60","wklo":"111.20","wkhicm_adj":"134.30","wklocm_adj":"45.85","xDt":"31-DEC-2999","cAct":"-","yPC":"-45.04","mPC":"-13.95"},{"symbol":"INFRATEL","open":"296.50","high":"297.70","low":"291.60","ltP":"293.50","ptsC":"-3.00","per":"-1.01","trdVol":"32.64","trdVolM":"3.26","ntP":"95.69","mVal":"0.96","wkhi":"482.80","wklo":"289.50","wkhicm_adj":"322.00","wklocm_adj":"156.00","xDt":"31-DEC-2999","cAct":"-","yPC":"-23.98","mPC":"-6.06"},{"symbol":"EQUITAS","open":"153.75","high":"154.05","low":"149.50","ltP":"151.55","ptsC":"-1.55","per":"-1.01","trdVol":"12.46","trdVolM":"1.25","ntP":"18.89","mVal":"0.19","wkhi":"183.60","wklo":"129.30","wkhicm_adj":".00","wklocm_adj":".00","xDt":"31-DEC-2999","cAct":"-","yPC":"-0.72","mPC":"-7.51"},{"symbol":"BAJAJFINSV","open":"6,025.00","high":"6,033.25","low":"5,930.35","ltP":"5,967.10","ptsC":"-60.90","per":"-1.01","trdVol":"2.51","trdVolM":"0.25","ntP":"150.14","mVal":"1.50","wkhi":"6,156.90","wklo":"3,950.00","wkhicm_adj":"1,173.95","wklocm_adj":"658.35","xDt":"31-DEC-2999","cAct":"-","yPC":"44.54","mPC":"10.55"},{"symbol":"GODREJCP","open":"1,169.40","high":"1,171.75","low":"1,154.05","ltP":"1,158.45","ptsC":"-12.15","per":"-1.04","trdVol":"6.35","trdVolM":"0.63","ntP":"73.89","mVal":"0.74","wkhi":"1,180.20","wklo":"859.15","wkhicm_adj":"1,119.00","wklocm_adj":"667.00","xDt":"15-MAY-2018","cAct":"INTERIM DIVIDEND- RS 7 PER SHARE (PURPOSE REVISED)","yPC":"22.50","mPC":"7.01"},{"symbol":"TATAMOTORS","open":"305.75","high":"307.65","low":"300.55","ltP":"302.70","ptsC":"-3.20","per":"-1.05","trdVol":"82.24","trdVolM":"8.22","ntP":"250.00","mVal":"2.50","wkhi":"470.75","wklo":"281.60","wkhicm_adj":"550.70","wklocm_adj":"332.10","xDt":"31-DEC-2999","cAct":"-","yPC":"-33.02","mPC":"-2.39"},{"symbol":"PCJEWELLER","open":"160.10","high":"161.75","low":"154.70","ltP":"157.00","ptsC":"-1.70","per":"-1.07","trdVol":"155.59","trdVolM":"15.56","ntP":"245.83","mVal":"2.46","wkhi":"600.65","wklo":"94.55","wkhicm_adj":"278.00","wklocm_adj":"72.00","xDt":"31-DEC-2999","cAct":"-","yPC":"-39.06","mPC":"-7.10"},{"symbol":"CENTURYTEX","open":"923.00","high":"929.00","low":"905.50","ltP":"911.75","ptsC":"-9.90","per":"-1.07","trdVol":"3.62","trdVolM":"0.36","ntP":"33.19","mVal":"0.33","wkhi":"1,471.20","wklo":"882.25","wkhicm_adj":"664.40","wklocm_adj":"248.25","xDt":"31-DEC-2999","cAct":"-","yPC":"-13.19","mPC":"-15.63"},{"symbol":"BHEL","open":"75.95","high":"76.80","low":"74.50","ltP":"75.15","ptsC":"-0.85","per":"-1.12","trdVol":"66.90","trdVolM":"6.69","ntP":"50.48","mVal":"0.50","wkhi":"107.95","wklo":"72.65","wkhicm_adj":"291.50","wklocm_adj":"145.55","xDt":"31-DEC-2999","cAct":"-","yPC":"-18.58","mPC":"-3.78"},{"symbol":"ITC","open":"267.50","high":"267.75","low":"263.60","ltP":"264.20","ptsC":"-3.05","per":"-1.14","trdVol":"108.15","trdVolM":"10.81","ntP":"286.33","mVal":"2.86","wkhi":"367.70","wklo":"250.00","wkhicm_adj":"387.50","wklocm_adj":"307.55","xDt":"25-MAY-2018","cAct":"DIVIDEND- RS 5.15 PER SHARE","yPC":"-11.89","mPC":"-6.26"},{"symbol":"GAIL","open":"339.00","high":"341.50","low":"333.25","ltP":"335.05","ptsC":"-3.95","per":"-1.17","trdVol":"34.97","trdVolM":"3.50","ntP":"117.74","mVal":"1.18","wkhi":"389.63","wklo":"259.99","wkhicm_adj":"551.90","wklocm_adj":"328.80","xDt":"27-MAR-2018","cAct":"BONUS 1:3","yPC":"-12.07","mPC":"-1.30"},{"symbol":"JUSTDIAL","open":"574.00","high":"585.75","low":"564.75","ltP":"567.80","ptsC":"-6.75","per":"-1.17","trdVol":"35.64","trdVolM":"3.56","ntP":"205.83","mVal":"2.06","wkhi":"647.00","wklo":"327.55","wkhicm_adj":"1,894.40","wklocm_adj":"982.60","xDt":"31-DEC-2999","cAct":"-","yPC":"38.74","mPC":"31.18"},{"symbol":"BPCL","open":"416.50","high":"416.60","low":"409.30","ltP":"411.35","ptsC":"-5.00","per":"-1.20","trdVol":"62.01","trdVolM":"6.20","ntP":"256.28","mVal":"2.56","wkhi":"551.55","wklo":"359.55","wkhicm_adj":"785.00","wklocm_adj":"316.05","xDt":"31-DEC-2999","cAct":"-","yPC":"-10.83","mPC":"1.37"},{"symbol":"COLPAL","open":"1,227.85","high":"1,236.90","low":"1,216.00","ltP":"1,217.00","ptsC":"-14.90","per":"-1.21","trdVol":"2.91","trdVolM":"0.29","ntP":"35.57","mVal":"0.36","wkhi":"1,281.70","wklo":"1,015.10","wkhicm_adj":"2,049.00","wklocm_adj":"1,235.20","xDt":"31-DEC-2999","cAct":"-","yPC":"13.43","mPC":"5.69"},{"symbol":"HINDPETRO","open":"310.70","high":"310.70","low":"303.30","ltP":"305.90","ptsC":"-3.85","per":"-1.24","trdVol":"46.94","trdVolM":"4.69","ntP":"143.49","mVal":"1.43","wkhi":"492.80","wklo":"272.30","wkhicm_adj":"627.80","wklocm_adj":"205.05","xDt":"31-DEC-2999","cAct":"-","yPC":"-16.07","mPC":"-5.43"},{"symbol":"BALKRISIND","open":"1,118.50","high":"1,132.25","low":"1,100.00","ltP":"1,106.00","ptsC":"-14.25","per":"-1.27","trdVol":"1.79","trdVolM":"0.18","ntP":"19.97","mVal":"0.20","wkhi":"1,352.20","wklo":"718.50","wkhicm_adj":".00","wklocm_adj":".00","xDt":"31-DEC-2999","cAct":"-","yPC":"-28.60","mPC":"-5.43"},{"symbol":"VGUARD","open":"215.95","high":"217.35","low":"212.00","ltP":"212.50","ptsC":"-2.75","per":"-1.28","trdVol":"5.20","trdVolM":"0.52","ntP":"11.14","mVal":"0.11","wkhi":"254.90","wklo":"165.00","wkhicm_adj":"1,139.00","wklocm_adj":"405.50","xDt":"31-DEC-2999","cAct":"-","yPC":"18.75","mPC":"-10.19"},{"symbol":"NTPC","open":"158.50","high":"158.70","low":"154.55","ltP":"156.35","ptsC":"-2.05","per":"-1.29","trdVol":"90.01","trdVolM":"9.00","ntP":"140.16","mVal":"1.40","wkhi":"188.00","wklo":"154.55","wkhicm_adj":"168.90","wklocm_adj":"110.65","xDt":"31-DEC-2999","cAct":"-","yPC":"-2.25","mPC":"-8.08"},{"symbol":"CESC","open":"1,001.95","high":"1,009.90","low":"988.65","ltP":"990.00","ptsC":"-12.95","per":"-1.29","trdVol":"4.55","trdVolM":"0.46","ntP":"45.44","mVal":"0.45","wkhi":"1,190.00","wklo":"847.50","wkhicm_adj":"827.45","wklocm_adj":"374.40","xDt":"31-DEC-2999","cAct":"-","yPC":"10.40","mPC":"-5.60"},{"symbol":"GODFRYPHLP","open":"741.05","high":"763.20","low":"730.50","ltP":"731.85","ptsC":"-9.70","per":"-1.31","trdVol":"1.15","trdVolM":"0.12","ntP":"8.59","mVal":"0.09","wkhi":"1,329.00","wklo":"702.25","wkhicm_adj":"733.91","wklocm_adj":"500.01","xDt":"31-DEC-2999","cAct":"-","yPC":"-41.16","mPC":"-9.67"},{"symbol":"IGL","open":"266.90","high":"267.25","low":"261.65","ltP":"263.45","ptsC":"-3.55","per":"-1.33","trdVol":"11.60","trdVolM":"1.16","ntP":"30.62","mVal":"0.31","wkhi":"344.90","wklo":"206.04","wkhicm_adj":"458.80","wklocm_adj":"238.05","xDt":"31-DEC-2999","cAct":"-","yPC":"22.69","mPC":"-2.19"},{"symbol":"ENGINERSIN","open":"131.00","high":"133.40","low":"129.10","ltP":"130.05","ptsC":"-1.75","per":"-1.33","trdVol":"19.56","trdVolM":"1.96","ntP":"25.56","mVal":"0.26","wkhi":"206.40","wklo":"126.80","wkhicm_adj":"331.70","wklocm_adj":"142.50","xDt":"19-MAR-2018","cAct":"INTERIM DIVIDEND - RS 2.50 PER SHARE (PURPOSE REVISED)","yPC":"-16.74","mPC":"-13.18"},{"symbol":"HEXAWARE","open":"451.95","high":"454.90","low":"442.05","ltP":"442.35","ptsC":"-6.20","per":"-1.38","trdVol":"14.66","trdVolM":"1.47","ntP":"65.69","mVal":"0.66","wkhi":"459.30","wklo":"228.10","wkhicm_adj":"226.25","wklocm_adj":"111.90","xDt":"14-MAY-2018","cAct":"INTERIM DIVIDEND- RE 1 PER SHARE","yPC":"86.21","mPC":"5.36"},{"symbol":"CANFINHOME","open":"360.00","high":"369.45","low":"353.40","ltP":"354.55","ptsC":"-5.00","per":"-1.39","trdVol":"8.57","trdVolM":"0.86","ntP":"30.81","mVal":"0.31","wkhi":"666.00","wklo":"345.05","wkhicm_adj":"548.00","wklocm_adj":"144.30","xDt":"13-JUN-2018","cAct":"ANNUAL GENERAL MEETING\/DIVIDEND- RS 2 PER SHARE","yPC":"-42.17","mPC":"-6.54"},{"symbol":"ESCORTS","open":"928.95","high":"928.95","low":"910.05","ltP":"915.00","ptsC":"-13.10","per":"-1.41","trdVol":"6.70","trdVolM":"0.67","ntP":"61.54","mVal":"0.62","wkhi":"1,017.70","wklo":"544.00","wkhicm_adj":"174.25","wklocm_adj":"102.50","xDt":"31-DEC-2999","cAct":"-","yPC":"27.62","mPC":"-2.80"},{"symbol":"VOLTAS","open":"526.00","high":"528.65","low":"516.45","ltP":"518.75","ptsC":"-7.40","per":"-1.41","trdVol":"9.82","trdVolM":"0.98","ntP":"51.29","mVal":"0.51","wkhi":"675.30","wklo":"440.40","wkhicm_adj":"286.45","wklocm_adj":"96.85","xDt":"31-DEC-2999","cAct":"-","yPC":"5.55","mPC":"-13.22"},{"symbol":"VEDL","open":"241.00","high":"241.00","low":"234.00","ltP":"236.65","ptsC":"-3.40","per":"-1.42","trdVol":"244.83","trdVolM":"24.48","ntP":"584.35","mVal":"5.84","wkhi":"355.70","wklo":"230.20","wkhicm_adj":"318.30","wklocm_adj":"168.85","xDt":"20-MAR-2018","cAct":"INTERIM DIVIDEND - RS 21.20 PER SHARE (PURPOSE REVISED)","yPC":"0.30","mPC":"-15.99"},{"symbol":"M&M","open":"922.55","high":"924.40","low":"902.85","ltP":"908.35","ptsC":"-13.70","per":"-1.49","trdVol":"26.19","trdVolM":"2.62","ntP":"238.54","mVal":"2.39","wkhi":"933.50","wklo":"612.00","wkhicm_adj":"1,433.70","wklocm_adj":"846.60","xDt":"31-DEC-2999","cAct":"-","yPC":"-35.36","mPC":"7.24"},{"symbol":"ADANIENT","open":"135.00","high":"137.20","low":"131.40","ltP":"131.95","ptsC":"-2.00","per":"-1.49","trdVol":"89.18","trdVolM":"8.92","ntP":"119.77","mVal":"1.20","wkhi":"223.50","wklo":"104.80","wkhicm_adj":"585.00","wklocm_adj":"210.10","xDt":"05-APR-2018","cAct":"SCHEME OF ARRANGEMENT","yPC":"0.53","mPC":"7.02"},{"symbol":"UJJIVAN","open":"390.00","high":"396.90","low":"384.70","ltP":"389.00","ptsC":"-5.95","per":"-1.51","trdVol":"4.74","trdVolM":"0.47","ntP":"18.50","mVal":"0.19","wkhi":"434.75","wklo":"285.00","wkhicm_adj":".00","wklocm_adj":".00","xDt":"31-DEC-2999","cAct":"-","yPC":"31.35","mPC":"-1.34"},{"symbol":"TATAPOWER","open":"77.40","high":"77.60","low":"75.90","ltP":"76.10","ptsC":"-1.20","per":"-1.55","trdVol":"27.04","trdVolM":"2.70","ntP":"20.63","mVal":"0.21","wkhi":"101.80","wklo":"75.30","wkhicm_adj":"115.60","wklocm_adj":"68.65","xDt":"31-DEC-2999","cAct":"-","yPC":"-1.87","mPC":"-6.34"},{"symbol":"UBL","open":"1,292.45","high":"1,309.70","low":"1,256.20","ltP":"1,270.00","ptsC":"-20.35","per":"-1.58","trdVol":"8.75","trdVolM":"0.87","ntP":"112.42","mVal":"1.12","wkhi":"1,309.70","wklo":"773.95","wkhicm_adj":"859.00","wklocm_adj":"615.65","xDt":"31-DEC-2999","cAct":"-","yPC":"60.31","mPC":"13.25"},{"symbol":"SRTRANSFIN","open":"1,488.00","high":"1,497.65","low":"1,458.00","ltP":"1,461.55","ptsC":"-23.55","per":"-1.59","trdVol":"6.06","trdVolM":"0.61","ntP":"89.15","mVal":"0.89","wkhi":"1,668.75","wklo":"917.70","wkhicm_adj":"1,139.00","wklocm_adj":"548.70","xDt":"31-DEC-2999","cAct":"-","yPC":"53.09","mPC":"-0.64"},{"symbol":"RAYMOND","open":"1,002.00","high":"1,013.45","low":"974.50","ltP":"981.65","ptsC":"-16.15","per":"-1.62","trdVol":"6.40","trdVolM":"0.64","ntP":"63.66","mVal":"0.64","wkhi":"1,153.00","wklo":"675.00","wkhicm_adj":"519.00","wklocm_adj":"255.10","xDt":"22-MAY-2018","cAct":"DIVIDEND- RS 3 PER SHARE","yPC":"36.04","mPC":"-7.56"},{"symbol":"MOTHERSUMI","open":"313.90","high":"313.90","low":"307.30","ltP":"308.60","ptsC":"-5.10","per":"-1.63","trdVol":"18.20","trdVolM":"1.82","ntP":"56.27","mVal":"0.56","wkhi":"395.60","wklo":"295.00","wkhicm_adj":"450.70","wklocm_adj":"178.25","xDt":"31-DEC-2999","cAct":"-","yPC":"-3.18","mPC":"-7.45"},{"symbol":"CGPOWER","open":"57.00","high":"58.35","low":"56.00","ltP":"56.05","ptsC":"-0.95","per":"-1.67","trdVol":"67.95","trdVolM":"6.79","ntP":"38.78","mVal":"0.39","wkhi":"99.15","wklo":"53.65","wkhicm_adj":"231.00","wklocm_adj":"101.50","xDt":"31-DEC-2999","cAct":"-","yPC":"-31.65","mPC":"-27.63"},{"symbol":"L&TFH","open":"167.75","high":"168.85","low":"164.50","ltP":"164.95","ptsC":"-2.80","per":"-1.67","trdVol":"24.57","trdVolM":"2.46","ntP":"40.92","mVal":"0.41","wkhi":"213.85","wklo":"131.30","wkhicm_adj":"88.25","wklocm_adj":"62.30","xDt":"31-DEC-2999","cAct":"-","yPC":"20.18","mPC":"-5.53"},{"symbol":"SBIN","open":"282.75","high":"283.45","low":"276.60","ltP":"277.85","ptsC":"-4.75","per":"-1.68","trdVol":"169.50","trdVolM":"16.95","ntP":"473.28","mVal":"4.73","wkhi":"351.30","wklo":"232.35","wkhicm_adj":"326.95","wklocm_adj":"145.51","xDt":"15-JUN-2018","cAct":"ANNUAL GENERAL MEETING\/ CHANGE IN REGISTRAR AND TRANSFER AGENT","yPC":"-2.23","mPC":"12.04"},{"symbol":"ONGC","open":"166.40","high":"168.30","low":"164.55","ltP":"165.65","ptsC":"-2.85","per":"-1.69","trdVol":"75.89","trdVolM":"7.59","ntP":"125.91","mVal":"1.26","wkhi":"212.85","wklo":"155.15","wkhicm_adj":"471.85","wklocm_adj":"264.15","xDt":"31-DEC-2999","cAct":"-","yPC":"-2.27","mPC":"-12.35"},{"symbol":"MFSL","open":"475.10","high":"483.50","low":"468.00","ltP":"470.50","ptsC":"-8.10","per":"-1.69","trdVol":"5.61","trdVolM":"0.56","ntP":"26.63","mVal":"0.27","wkhi":"652.90","wklo":"417.30","wkhicm_adj":"442.80","wklocm_adj":"177.10","xDt":"31-DEC-2999","cAct":"-","yPC":"-21.02","mPC":"-6.31"},{"symbol":"TATAMTRDVR","open":"182.50","high":"183.85","low":"179.45","ltP":"179.80","ptsC":"-3.15","per":"-1.72","trdVol":"18.61","trdVolM":"1.86","ntP":"33.67","mVal":"0.34","wkhi":"289.50","wklo":"164.50","wkhicm_adj":"391.35","wklocm_adj":"168.25","xDt":"31-DEC-2999","cAct":"-","yPC":"-34.67","mPC":"-0.64"},{"symbol":"TORNTPOWER","open":"256.30","high":"258.30","low":"249.50","ltP":"252.90","ptsC":"-4.45","per":"-1.73","trdVol":"6.86","trdVolM":"0.69","ntP":"17.38","mVal":"0.17","wkhi":"307.35","wklo":"171.50","wkhicm_adj":"173.25","wklocm_adj":"79.05","xDt":"08-JUN-2018","cAct":"DIVIDEND- RS 5 PER SHARE","yPC":"36.96","mPC":"10.97"},{"symbol":"COALINDIA","open":"286.50","high":"286.50","low":"277.50","ltP":"278.25","ptsC":"-4.95","per":"-1.75","trdVol":"42.79","trdVolM":"4.28","ntP":"119.63","mVal":"1.20","wkhi":"316.95","wklo":"233.70","wkhicm_adj":"423.70","wklocm_adj":"240.30","xDt":"31-DEC-2999","cAct":"-","yPC":"8.25","mPC":"5.60"},{"symbol":"YESBANK","open":"333.00","high":"336.20","low":"328.65","ltP":"331.25","ptsC":"-5.95","per":"-1.76","trdVol":"85.18","trdVolM":"8.52","ntP":"282.67","mVal":"2.83","wkhi":"382.90","wklo":"280.30","wkhicm_adj":"719.90","wklocm_adj":"291.40","xDt":"04-JUN-2018","cAct":"ANNUAL GENERAL MEETING \/ DIVIDEND- RS 2.7 PER SHARE","yPC":"14.30","mPC":"-4.19"},{"symbol":"MARICO","open":"346.00","high":"346.25","low":"335.60","ltP":"338.00","ptsC":"-6.15","per":"-1.79","trdVol":"13.67","trdVolM":"1.37","ntP":"46.44","mVal":"0.46","wkhi":"352.90","wklo":"284.15","wkhicm_adj":"350.20","wklocm_adj":"200.05","xDt":"31-DEC-2999","cAct":"-","yPC":"7.01","mPC":"8.21"},{"symbol":"MCX","open":"820.90","high":"828.85","low":"802.10","ltP":"805.90","ptsC":"-15.00","per":"-1.83","trdVol":"2.60","trdVolM":"0.26","ntP":"21.18","mVal":"0.21","wkhi":"1,182.00","wklo":"665.10","wkhicm_adj":"922.00","wklocm_adj":"378.00","xDt":"31-DEC-2999","cAct":"-","yPC":"-24.69","mPC":"2.80"},{"symbol":"SUZLON","open":"8.15","high":"8.30","low":"7.90","ltP":"8.00","ptsC":"-0.15","per":"-1.84","trdVol":"214.28","trdVolM":"21.43","ntP":"17.25","mVal":"0.17","wkhi":"20.25","wklo":"7.70","wkhicm_adj":"36.75","wklocm_adj":"9.10","xDt":"31-DEC-2999","cAct":"-","yPC":"-57.33","mPC":"-9.09"},{"symbol":"INDIANB","open":"358.10","high":"362.50","low":"350.15","ltP":"352.70","ptsC":"-6.60","per":"-1.84","trdVol":"11.57","trdVolM":"1.16","ntP":"40.94","mVal":"0.41","wkhi":"427.40","wklo":"253.05","wkhicm_adj":"199.20","wklocm_adj":"86.50","xDt":"31-DEC-2999","cAct":"-","yPC":"15.24","mPC":"14.72"},{"symbol":"MANAPPURAM","open":"106.00","high":"106.35","low":"102.80","ltP":"103.50","ptsC":"-1.95","per":"-1.85","trdVol":"26.33","trdVolM":"2.63","ntP":"27.48","mVal":"0.27","wkhi":"130.45","wklo":"82.10","wkhicm_adj":"39.75","wklocm_adj":"13.75","xDt":"29-MAY-2018","cAct":"INTERIM DIVIDEND- RE 0.50 PER SHARE","yPC":"9.47","mPC":"-10.08"},{"symbol":"GMRINFRA","open":"16.15","high":"16.20","low":"15.65","ltP":"15.80","ptsC":"-0.30","per":"-1.86","trdVol":"176.32","trdVolM":"17.63","ntP":"28.05","mVal":"0.28","wkhi":"25.05","wklo":"14.55","wkhicm_adj":"38.25","wklocm_adj":"17.15","xDt":"31-DEC-2999","cAct":"-","yPC":"-18.13","mPC":"-11.73"},{"symbol":"ASHOKLEY","open":"145.20","high":"145.20","low":"141.75","ltP":"142.20","ptsC":"-2.75","per":"-1.90","trdVol":"96.44","trdVolM":"9.64","ntP":"137.95","mVal":"1.38","wkhi":"167.50","wklo":"90.00","wkhicm_adj":"56.20","wklocm_adj":"14.85","xDt":"31-DEC-2999","cAct":"-","yPC":"50.16","mPC":"-5.83"},{"symbol":"BEML","open":"885.00","high":"898.70","low":"864.00","ltP":"870.10","ptsC":"-17.25","per":"-1.94","trdVol":"8.98","trdVolM":"0.90","ntP":"78.96","mVal":"0.79","wkhi":"1,947.00","wklo":"826.35","wkhicm_adj":"877.70","wklocm_adj":"180.05","xDt":"31-DEC-2999","cAct":"-","yPC":"-35.33","mPC":"-18.47"},{"symbol":"PFC","open":"84.20","high":"84.30","low":"81.95","ltP":"82.50","ptsC":"-1.65","per":"-1.96","trdVol":"64.75","trdVolM":"6.48","ntP":"53.65","mVal":"0.54","wkhi":"149.65","wklo":"71.05","wkhicm_adj":"344.75","wklocm_adj":"128.75","xDt":"31-DEC-2999","cAct":"-","yPC":"-36.54","mPC":"7.98"},{"symbol":"IDFC","open":"51.00","high":"51.00","low":"49.65","ltP":"49.80","ptsC":"-1.00","per":"-1.97","trdVol":"40.27","trdVolM":"4.03","ntP":"20.22","mVal":"0.20","wkhi":"68.90","wklo":"45.70","wkhicm_adj":"166.65","wklocm_adj":"88.05","xDt":"31-DEC-2999","cAct":"-","yPC":"-11.86","mPC":"-5.68"},{"symbol":"TATAGLOBAL","open":"279.15","high":"281.00","low":"271.45","ltP":"272.20","ptsC":"-5.60","per":"-2.02","trdVol":"31.33","trdVolM":"3.13","ntP":"86.14","mVal":"0.86","wkhi":"328.75","wklo":"145.75","wkhicm_adj":"177.15","wklocm_adj":"135.25","xDt":"31-DEC-2999","cAct":"-","yPC":"71.79","mPC":"12.18"},{"symbol":"JSWSTEEL","open":"336.10","high":"341.55","low":"331.65","ltP":"332.10","ptsC":"-6.95","per":"-2.05","trdVol":"44.07","trdVolM":"4.41","ntP":"147.57","mVal":"1.48","wkhi":"346.50","wklo":"192.50","wkhicm_adj":"1,366.50","wklocm_adj":"804.00","xDt":"31-DEC-2999","cAct":"-","yPC":"67.52","mPC":"-0.73"},{"symbol":"ULTRACEMCO","open":"3,765.00","high":"3,792.00","low":"3,671.85","ltP":"3,688.45","ptsC":"-78.55","per":"-2.09","trdVol":"5.88","trdVolM":"0.59","ntP":"218.52","mVal":"2.19","wkhi":"4,599.90","wklo":"3,626.00","wkhicm_adj":"2,872.00","wklocm_adj":"1,634.00","xDt":"31-DEC-2999","cAct":"-","yPC":"-8.99","mPC":"-10.24"},{"symbol":"CAPF","open":"592.00","high":"598.65","low":"578.00","ltP":"579.95","ptsC":"-12.45","per":"-2.10","trdVol":"8.44","trdVolM":"0.84","ntP":"49.45","mVal":"0.49","wkhi":"901.85","wklo":"527.30","wkhicm_adj":"379.95","wklocm_adj":"126.05","xDt":"31-DEC-2999","cAct":"-","yPC":"-16.34","mPC":"4.52"},{"symbol":"FEDERALBNK","open":"85.80","high":"86.45","low":"83.55","ltP":"83.95","ptsC":"-1.80","per":"-2.10","trdVol":"68.28","trdVolM":"6.83","ntP":"57.92","mVal":"0.58","wkhi":"127.65","wklo":"80.10","wkhicm_adj":"152.95","wklocm_adj":"72.35","xDt":"31-DEC-2999","cAct":"-","yPC":"-27.82","mPC":"-2.84"},{"symbol":"PNB","open":"92.10","high":"93.15","low":"89.60","ltP":"89.75","ptsC":"-1.95","per":"-2.13","trdVol":"216.10","trdVolM":"21.61","ntP":"197.00","mVal":"1.97","wkhi":"231.45","wklo":"74.15","wkhicm_adj":"1,096.50","wklocm_adj":"509.15","xDt":"31-DEC-2999","cAct":"-","yPC":"-40.95","mPC":"4.42"},{"symbol":"NMDC","open":"115.05","high":"115.70","low":"112.50","ltP":"112.95","ptsC":"-2.55","per":"-2.21","trdVol":"22.41","trdVolM":"2.24","ntP":"25.41","mVal":"0.25","wkhi":"162.70","wklo":"102.80","wkhicm_adj":"196.00","wklocm_adj":"123.10","xDt":"27-MAR-2018","cAct":"INTERIM DIVIDEND RS 4.30 PER SHARE","yPC":"1.30","mPC":"-1.83"},{"symbol":"APOLLOTYRE","open":"275.70","high":"277.75","low":"267.20","ltP":"268.90","ptsC":"-6.20","per":"-2.25","trdVol":"17.59","trdVolM":"1.76","ntP":"47.87","mVal":"0.48","wkhi":"307.25","wklo":"228.15","wkhicm_adj":"242.95","wklocm_adj":"77.50","xDt":"31-DEC-2999","cAct":"-","yPC":"4.16","mPC":"-6.65"},{"symbol":"IDFCBANK","open":"44.25","high":"44.60","low":"42.95","ltP":"43.15","ptsC":"-1.00","per":"-2.27","trdVol":"189.53","trdVolM":"18.95","ntP":"83.11","mVal":"0.83","wkhi":"71.15","wklo":"37.60","wkhicm_adj":".00","wklocm_adj":".00","xDt":"31-DEC-2999","cAct":"-","yPC":"-25.60","mPC":"5.24"},{"symbol":"IOC","open":"171.50","high":"171.65","low":"167.20","ltP":"167.50","ptsC":"-4.05","per":"-2.36","trdVol":"109.62","trdVolM":"10.96","ntP":"184.70","mVal":"1.85","wkhi":"231.48","wklo":"151.10","wkhicm_adj":"411.20","wklocm_adj":"193.75","xDt":"31-DEC-2999","cAct":"-","yPC":"-60.19","mPC":"0.18"},{"symbol":"PETRONET","open":"218.00","high":"218.20","low":"210.00","ltP":"212.45","ptsC":"-5.20","per":"-2.39","trdVol":"52.43","trdVolM":"5.24","ntP":"111.89","mVal":"1.12","wkhi":"275.65","wklo":"198.20","wkhicm_adj":"208.80","wklocm_adj":"102.60","xDt":"31-DEC-2999","cAct":"-","yPC":"-1.00","mPC":"1.68"},{"symbol":"DISHTV","open":"74.60","high":"75.45","low":"72.60","ltP":"72.75","ptsC":"-1.85","per":"-2.48","trdVol":"98.07","trdVolM":"9.81","ntP":"72.11","mVal":"0.72","wkhi":"86.90","wklo":"63.70","wkhicm_adj":"65.90","wklocm_adj":"43.15","xDt":"31-DEC-2999","cAct":"-","yPC":"-10.57","mPC":"5.13"},{"symbol":"PTC","open":"85.00","high":"85.95","low":"82.35","ltP":"83.00","ptsC":"-2.15","per":"-2.52","trdVol":"15.92","trdVolM":"1.59","ntP":"13.36","mVal":"0.13","wkhi":"130.45","wklo":"77.20","wkhicm_adj":"104.85","wklocm_adj":"52.05","xDt":"31-DEC-2999","cAct":"-","yPC":"-13.77","mPC":"-9.34"},{"symbol":"KTKBANK","open":"121.20","high":"121.60","low":"118.00","ltP":"118.10","ptsC":"-3.05","per":"-2.52","trdVol":"16.49","trdVolM":"1.65","ntP":"19.71","mVal":"0.20","wkhi":"180.00","wklo":"107.30","wkhicm_adj":"150.70","wklocm_adj":"91.00","xDt":"31-DEC-2999","cAct":"-","yPC":"-32.15","mPC":"6.54"},{"symbol":"IRB","open":"234.85","high":"236.50","low":"225.30","ltP":"228.25","ptsC":"-5.90","per":"-2.52","trdVol":"19.41","trdVolM":"1.94","ntP":"44.58","mVal":"0.45","wkhi":"286.20","wklo":"193.50","wkhicm_adj":"289.65","wklocm_adj":"67.20","xDt":"31-DEC-2999","cAct":"-","yPC":"0.13","mPC":"-9.19"},{"symbol":"RECLTD","open":"116.50","high":"117.30","low":"113.10","ltP":"113.40","ptsC":"-3.10","per":"-2.66","trdVol":"46.85","trdVolM":"4.69","ntP":"53.53","mVal":"0.54","wkhi":"191.90","wklo":"107.05","wkhicm_adj":"383.40","wklocm_adj":"166.50","xDt":"31-DEC-2999","cAct":"-","yPC":"-38.69","mPC":"-1.56"},{"symbol":"HCC","open":"14.60","high":"14.95","low":"14.40","ltP":"14.45","ptsC":"-0.40","per":"-2.69","trdVol":"33.46","trdVolM":"3.35","ntP":"4.90","mVal":"0.05","wkhi":"44.95","wklo":"13.95","wkhicm_adj":"49.05","wklocm_adj":"12.10","xDt":"31-DEC-2999","cAct":"-","yPC":"-65.43","mPC":"-8.54"},{"symbol":"BANKBARODA","open":"134.85","high":"136.15","low":"130.35","ltP":"131.35","ptsC":"-3.80","per":"-2.81","trdVol":"117.76","trdVolM":"11.78","ntP":"156.17","mVal":"1.56","wkhi":"206.65","wklo":"125.25","wkhicm_adj":"1,104.70","wklocm_adj":"511.15","xDt":"31-DEC-2999","cAct":"-","yPC":"-23.99","mPC":"-5.94"},{"symbol":"HINDALCO","open":"245.00","high":"245.10","low":"235.55","ltP":"237.70","ptsC":"-7.05","per":"-2.88","trdVol":"67.87","trdVolM":"6.79","ntP":"162.23","mVal":"1.62","wkhi":"284.00","wklo":"185.10","wkhicm_adj":"198.90","wklocm_adj":"96.70","xDt":"31-DEC-2999","cAct":"-","yPC":"18.76","mPC":"-2.54"},{"symbol":"JISLJALEQS","open":"100.75","high":"100.75","low":"97.05","ltP":"97.35","ptsC":"-3.00","per":"-2.99","trdVol":"51.52","trdVolM":"5.15","ntP":"50.64","mVal":"0.51","wkhi":"150.40","wklo":"86.15","wkhicm_adj":"133.40","wklocm_adj":"56.40","xDt":"31-DEC-2999","cAct":"-","yPC":"-9.74","mPC":"-6.17"},{"symbol":"SOUTHBANK","open":"24.80","high":"25.05","low":"24.00","ltP":"24.05","ptsC":"-0.75","per":"-3.02","trdVol":"72.38","trdVolM":"7.24","ntP":"17.65","mVal":"0.18","wkhi":"34.75","wklo":"22.25","wkhicm_adj":"35.05","wklocm_adj":"19.55","xDt":"31-DEC-2999","cAct":"-","yPC":"-17.21","mPC":"-8.03"},{"symbol":"RCOM","open":"15.85","high":"16.15","low":"15.35","ltP":"15.40","ptsC":"-0.50","per":"-3.14","trdVol":"693.22","trdVolM":"69.32","ntP":"108.56","mVal":"1.09","wkhi":"40.15","wklo":"9.60","wkhicm_adj":"157.25","wklocm_adj":"93.05","xDt":"31-DEC-2999","cAct":"-","yPC":"-15.85","mPC":"24.19"},{"symbol":"CANBK","open":"277.70","high":"278.75","low":"267.85","ltP":"268.50","ptsC":"-9.00","per":"-3.24","trdVol":"65.76","trdVolM":"6.58","ntP":"179.08","mVal":"1.79","wkhi":"463.70","wklo":"225.20","wkhicm_adj":"498.00","wklocm_adj":"209.00","xDt":"31-DEC-2999","cAct":"-","yPC":"-24.44","mPC":"10.95"},{"symbol":"DLF","open":"205.95","high":"207.25","low":"197.50","ltP":"199.10","ptsC":"-6.80","per":"-3.30","trdVol":"53.40","trdVolM":"5.34","ntP":"107.68","mVal":"1.08","wkhi":"273.85","wklo":"153.00","wkhicm_adj":"242.95","wklocm_adj":"100.10","xDt":"27-MAR-2018","cAct":"INTERIM DIVIDEND - RS 1.20 PER SHARE (PURPOSE REVISED)","yPC":"6.10","mPC":"-2.07"},{"symbol":"KAJARIACER","open":"543.00","high":"546.50","low":"521.35","ltP":"525.00","ptsC":"-18.35","per":"-3.38","trdVol":"2.41","trdVolM":"0.24","ntP":"12.80","mVal":"0.13","wkhi":"767.70","wklo":"501.25","wkhicm_adj":"686.50","wklocm_adj":"244.00","xDt":"31-DEC-2999","cAct":"-","yPC":"-25.74","mPC":"-3.56"},{"symbol":"CONCOR","open":"1,303.00","high":"1,308.95","low":"1,257.00","ltP":"1,259.95","ptsC":"-44.20","per":"-3.39","trdVol":"4.03","trdVolM":"0.40","ntP":"51.40","mVal":"0.51","wkhi":"1,500.00","wklo":"1,096.10","wkhicm_adj":"1,504.70","wklocm_adj":"697.55","xDt":"31-DEC-2999","cAct":"-","yPC":"9.73","mPC":"-9.37"},{"symbol":"NATIONALUM","open":"72.30","high":"72.30","low":"68.75","ltP":"69.50","ptsC":"-2.45","per":"-3.41","trdVol":"84.72","trdVolM":"8.47","ntP":"59.01","mVal":"0.59","wkhi":"97.60","wklo":"60.70","wkhicm_adj":"69.10","wklocm_adj":"31.55","xDt":"31-DEC-2999","cAct":"-","yPC":"7.01","mPC":"-5.38"},{"symbol":"ORIENTBANK","open":"83.25","high":"83.65","low":"80.00","ltP":"80.25","ptsC":"-2.85","per":"-3.43","trdVol":"32.43","trdVolM":"3.24","ntP":"26.40","mVal":"0.26","wkhi":"160.80","wklo":"74.00","wkhicm_adj":"377.50","wklocm_adj":"160.40","xDt":"31-DEC-2999","cAct":"-","yPC":"-46.45","mPC":"-1.77"},{"symbol":"IDEA","open":"62.30","high":"63.30","low":"60.15","ltP":"60.50","ptsC":"-2.30","per":"-3.66","trdVol":"273.17","trdVolM":"27.32","ntP":"166.61","mVal":"1.67","wkhi":"118.90","wklo":"50.10","wkhicm_adj":"183.70","wklocm_adj":"125.10","xDt":"31-DEC-2999","cAct":"-","yPC":"-21.48","mPC":"13.94"},{"symbol":"IDBI","open":"62.10","high":"62.10","low":"58.65","ltP":"59.40","ptsC":"-2.45","per":"-3.96","trdVol":"135.65","trdVolM":"13.56","ntP":"81.31","mVal":"0.81","wkhi":"91.50","wklo":"50.20","wkhicm_adj":"116.40","wklocm_adj":"52.90","xDt":"31-DEC-2999","cAct":"-","yPC":"-1.08","mPC":"-4.65"},{"symbol":"SYNDIBANK","open":"51.35","high":"51.35","low":"49.05","ltP":"49.20","ptsC":"-2.05","per":"-4.00","trdVol":"50.99","trdVolM":"5.10","ntP":"25.54","mVal":"0.26","wkhi":"95.90","wklo":"42.65","wkhicm_adj":"180.00","wklocm_adj":"77.60","xDt":"31-DEC-2999","cAct":"-","yPC":"-39.03","mPC":"-1.99"},{"symbol":"JINDALSTEL","open":"243.80","high":"244.70","low":"231.15","ltP":"233.45","ptsC":"-10.15","per":"-4.17","trdVol":"67.64","trdVolM":"6.76","ntP":"160.26","mVal":"1.60","wkhi":"294.30","wklo":"114.50","wkhicm_adj":"351.00","wklocm_adj":"127.70","xDt":"31-DEC-2999","cAct":"-","yPC":"90.73","mPC":"-7.45"},{"symbol":"ADANIPOWER","open":"19.20","high":"19.35","low":"18.25","ltP":"18.35","ptsC":"-0.80","per":"-4.18","trdVol":"121.88","trdVolM":"12.19","ntP":"22.75","mVal":"0.23","wkhi":"47.80","wklo":"17.15","wkhicm_adj":"68.35","wklocm_adj":"31.80","xDt":"31-DEC-2999","cAct":"-","yPC":"-33.75","mPC":"-16.59"},{"symbol":"JPASSOCIAT","open":"15.10","high":"15.15","low":"14.20","ltP":"14.40","ptsC":"-0.65","per":"-4.32","trdVol":"341.24","trdVolM":"34.12","ntP":"49.72","mVal":"0.50","wkhi":"30.45","wklo":"12.30","wkhicm_adj":"89.90","wklocm_adj":"24.10","xDt":"31-DEC-2999","cAct":"-","yPC":"5.88","mPC":"-15.54"},{"symbol":"UNIONBANK","open":"94.00","high":"94.90","low":"90.00","ltP":"90.10","ptsC":"-4.10","per":"-4.35","trdVol":"68.80","trdVolM":"6.88","ntP":"63.25","mVal":"0.63","wkhi":"196.05","wklo":"82.10","wkhicm_adj":"259.65","wklocm_adj":"100.50","xDt":"31-DEC-2999","cAct":"-","yPC":"-41.74","mPC":"5.13"},{"symbol":"BANKINDIA","open":"103.10","high":"103.85","low":"97.70","ltP":"98.00","ptsC":"-4.70","per":"-4.58","trdVol":"74.36","trdVolM":"7.44","ntP":"74.71","mVal":"0.75","wkhi":"216.80","wklo":"91.35","wkhicm_adj":"357.00","wklocm_adj":"165.55","xDt":"31-DEC-2999","cAct":"-","yPC":"-29.92","mPC":"0.72"},{"symbol":"ANDHRABANK","open":"36.80","high":"36.90","low":"35.10","ltP":"35.10","ptsC":"-1.70","per":"-4.62","trdVol":"44.12","trdVolM":"4.41","ntP":"15.84","mVal":"0.16","wkhi":"73.45","wklo":"31.95","wkhicm_adj":"109.40","wklocm_adj":"53.50","xDt":"31-DEC-2999","cAct":"-","yPC":"-42.27","mPC":"-1.13"},{"symbol":"IFCI","open":"17.25","high":"17.65","low":"16.60","ltP":"16.65","ptsC":"-0.85","per":"-4.86","trdVol":"85.62","trdVolM":"8.56","ntP":"14.53","mVal":"0.15","wkhi":"34.60","wklo":"15.50","wkhicm_adj":"44.70","wklocm_adj":"21.65","xDt":"31-DEC-2999","cAct":"-","yPC":"-34.71","mPC":"-7.76"},{"symbol":"ALBK","open":"46.15","high":"46.75","low":"44.10","ltP":"44.15","ptsC":"-2.30","per":"-4.95","trdVol":"39.61","trdVolM":"3.96","ntP":"17.99","mVal":"0.18","wkhi":"89.00","wklo":"37.30","wkhicm_adj":"150.00","wklocm_adj":"72.20","xDt":"31-DEC-2999","cAct":"-","yPC":"-38.85","mPC":"9.42"},{"symbol":"MRPL","open":"94.40","high":"94.45","low":"88.50","ltP":"89.00","ptsC":"-5.50","per":"-5.82","trdVol":"35.18","trdVolM":"3.52","ntP":"31.86","mVal":"0.32","wkhi":"146.70","wklo":"88.50","wkhicm_adj":"80.80","wklocm_adj":"38.00","xDt":"31-DEC-2999","cAct":"-","yPC":"-30.44","mPC":"-15.60"},{"symbol":"MCDOWELL-N","open":"694.75","high":"699.40","low":"673.45","ltP":"678.00","ptsC":"-13.05","per":"-1.89","trdVol":"18.12","trdVolM":"1.81","ntP":"124.51","mVal":"1.25","wkhi":"801.03","wklo":"448.26","wkhicm_adj":"2,940.80","wklocm_adj":"2,225.00","xDt":"15-JUN-2018","cAct":"FACE VALUE SPLIT (SUB-DIVISION) - FROM RS 10\/- PER SHARE TO RS 2\/- PER SHARE","yPC":"-71.28","mPC":"-78.79"}],"totQty":"9,692.78","totQtyMil":"969.28","noChg":0,"adv":63}